X,Resid
         217491200,-0.00512546
         217491300,-0.00513956
         217491400,-0.00515504
         217491500,-0.00517187
         217491600,-0.00518999
         217491700,-0.00520936
         217491800,-0.00522992
         217491900,-0.00525163
         217492000,-0.00527443
         217492100,0.00470171
         217492200,-0.00532314
         217492300,-0.00534895
         217492400,-0.00537565
         217492500,-0.00540321
         217492600,0.00456842
         217492700,0.00453931
         217492800,-0.00549052
         217492900,0.00862113
         217493000,-0.00555209
         217493100,0.00441626
         217493200,-0.00561591
         217493300,-0.00564853
         217493400,-0.00568157
         217493500,-0.00571497
         217493600,-0.00574868
         217493700,0.00835947
         217493800,0.00418313
         217493900,-0.00585123
         217494000,-0.00588572
         217494100,-0.00592028
         217494200,-0.00595486
         217494300,-0.00598941
         217494400,0.00811824
         217494500,0.00808389
         217494600,-0.00609242
         217494700,-0.00612638
         217494800,0.00798207
         217494900,-0.00619343
         217495000,0.00791571
         217495100,0.003741
         217495200,-0.00629111
         217495300,0.0036773
         217495400,0.00364627
         217495500,0.0109364
         217495600,-0.00641389
         217495700,0.0135571
         217495800,0.00767092
         217495900,0.00350132
         217496000,0.00347471
         217496100,0.003449
         217496200,-0.00657575
         217496300,0.00340051
         217496400,-0.00662218
         217496500,0.00335621
         217496600,0.00333566
         217496700,0.00331615
         217496800,-0.00670235
         217496900,-0.00671985
         217497000,-0.00673637
         217497100,0.00324805
         217497200,-0.00676659
         217497300,-0.00678033
         217497400,0.00320681
         217497500,-0.00680518
         217497600,0.00318368
         217497700,0.00317335
         217497800,0.00316382
         217497900,0.00315506
         217498000,-0.00685294
         217498100,-0.00686021
         217498200,0.00313323
         217498300,0.00312736
         217498400,-0.00687784
         217498500,-0.0068824
         217498600,-0.00688634
         217498700,0.00725246
         217498800,0.00310757
         217498900,-0.00689463
         217499000,-0.0068963
         217499100,-0.00689745
         217499200,-0.00689811
         217499300,0.00310169
         217499400,0.00310195
         217499500,-0.00689737
         217499600,-0.00689629
         217499700,-0.00689483
         217499800,0.003107
         217499900,-0.00689084
         217500000,-0.00688836
         217500100,-0.00688559
         217500200,-0.00688255
         217500300,0.00312074
         217500400,-0.00687574
         217500500,-0.00687201
         217500600,0.00727404
         217500700,-0.00686403
         217500800,-0.00685981
         217500900,-0.00685548
         217501000,-0.00685105
         217501100,-0.00684655
         217501200,0.00730014
         217501300,0.0031626
         217501400,0.00316719
         217501500,-0.00682822
         217501600,0.00317633
         217501700,0.00732297
         217501800,-0.00681467
         217501900,-0.00681019
         217502000,0.00319429
         217502100,0.00319878
         217502200,-0.0067967
         217502300,0.00320786
         217502400,0.00735461
         217502500,-0.00678284
         217502600,-0.00677808
         217502700,-0.00677323
         217502800,0.00323173
         217502900,0.0032368
         217503000,0.00324201
         217503100,-0.00675264
         217503200,-0.00674714
         217503300,0.00325854
         217503400,0.00740653
         217503500,0.00327045
         217503600,-0.00672329
         217503700,0.00328319
         217503800,-0.00671009
         217503900,0.0106174
         217504000,-0.00669591
         217504100,0.00331158
         217504200,0.0074615
         217504300,-0.00667256
         217504400,-0.00666417
         217504500,0.00748668
         217504600,0.00335359
         217504700,-0.006637
         217504800,-0.00662724
         217504900,-0.0066171
         217505000,-0.00660658
         217505100,-0.00659565
         217505200,-0.0065843
         217505300,-0.00657253
         217505400,0.00343968
         217505500,0.0107728
         217505600,-0.00653453
         217505700,-0.00652092
         217505800,-0.00650682
         217505900,-0.00649221
         217506000,0.00352291
         217506100,0.00353856
         217506200,0.00355476
         217506300,-0.00642849
         217506400,0.00358883
         217506500,-0.00639326
         217506600,-0.00637476
         217506700,0.00364434
         217506800,-0.00633594
         217506900,-0.00631562
         217507000,0.00370526
         217507100,-0.00627334
         217507200,0.00374856
         217507300,-0.00622908
         217507400,0.00793584
         217507500,0.00381689
         217507600,0.00384043
         217507700,-0.0061357
         217507800,-0.00611153
         217507900,-0.00608711
         217508000,0.00393754
         217508100,-0.00603762
         217508200,0.00812952
         217508300,-0.00598748
         217508400,0.00403774
         217508500,0.00406303
         217508600,-0.00591166
         217508700,0.00411365
         217508800,0.00413891
         217508900,-0.00583589
         217509000,-0.00581081
         217509100,0.00421414
         217509200,-0.00576109
         217509300,0.00426348
         217509400,0.00428781
         217509500,-0.00568814
         217509600,-0.00566439
         217509700,-0.00564099
         217509800,-0.00561795
         217509900,0.00440467
         217510000,-0.00557314
         217510100,0.0085907
         217510200,-0.00553022
         217510300,0.00863257
         217510400,-0.00548947
         217510500,0.00453002
         217510600,-0.00545114
         217510700,-0.00543297
         217510800,-0.00541551
         217510900,-0.00539879
         217511000,-0.00538284
         217511100,-0.0053677
         217511200,0.0046466
         217511300,0.0119805
         217511400,0.00467255
         217511500,-0.00531587
         217511600,0.00469473
         217511700,-0.00529567
         217511800,-0.00528712
         217511900,-0.00527964
         217512000,-0.00527325
         217512100,-0.00526793
         217512200,-0.00526365
         217512300,0.00888175
         217512400,-0.0052581
         217512500,0.00888536
         217512600,0.00888577
         217512700,0.00888527
         217512800,0.00474178
         217512900,-0.00526042
         217513000,-0.00526343
         217513100,0.00473278
         217513200,-0.00527176
         217513300,0.00886511
         217513400,0.00471702
         217513500,0.00885254
         217513600,0.00470315
         217513700,0.00883742
         217513800,0.0120073
         217513900,-0.00532215
         217514000,0.00466834
         217514100,-0.00534166
         217514200,-0.00535213
         217514300,0.00877911
         217514400,-0.00537432
         217514500,0.0119345
         217514600,-0.00539802
         217514700,-0.00541036
         217514800,-0.00542299
         217514900,0.00456412
         217515000,0.00455101
         217515100,-0.00546231
         217515200,-0.0054758
         217515300,-0.00548944
         217515400,0.00449681
         217515500,0.00448298
         217515600,-0.00553092
         217515700,-0.00554484
         217515800,0.00858338
         217515900,-0.00557264
         217516000,-0.00558647
         217516100,-0.00560021
         217516200,-0.00561384
         217516300,-0.00562732
         217516400,0.00435938
         217516500,-0.00565372
         217516600,-0.00566659
         217516700,-0.00567919
         217516800,-0.00569151
         217516900,-0.0057035
         217517000,-0.00571515
         217517100,-0.00572642
         217517200,-0.0057373
         217517300,0.0042522
         217517400,0.00838421
         217517500,-0.00576768
         217517600,0.00422291
         217517700,-0.00578615
         217517800,0.00420512
         217517900,0.00419672
         217518000,-0.00581135
         217518100,0.00418088
         217518200,0.00831554
         217518300,0.00416623
         217518400,-0.00584066
         217518500,0.00415272
         217518600,-0.00585364
         217518700,0.00414026
         217518800,-0.00586559
         217518900,-0.00587121
         217519000,0.00412341
         217519100,0.00411824
         217519200,0.00411329
         217519300,-0.00589147
         217519400,-0.00589603
         217519500,0.0040996
         217519600,-0.0059046
         217519700,0.00409136
         217519800,0.00408748
         217519900,-0.00591625
         217520000,-0.00591984
         217520100,-0.0059233
         217520200,0.00407336
         217520300,-0.00592987
         217520400,0.00406701
         217520500,0.00406398
         217520600,-0.00593896
         217520700,0.00405817
         217520800,0.00405537
         217520900,-0.00594738
         217521000,0.00404993
         217521100,0.00404728
         217521200,-0.00595534
         217521300,-0.00595794
         217521400,0.0081816
         217521500,-0.00596311
         217521600,-0.0059657
         217521700,0.0040317
         217521800,-0.00597092
         217521900,0.00402643
         217522000,0.00402374
         217522100,-0.00597901
         217522200,-0.00598181
         217522300,0.00401532
         217522400,-0.0059876
         217522500,-0.00599058
         217522600,0.00400641
         217522700,-0.00599661
         217522800,0.00400036
         217522900,-0.00600267
         217523000,-0.00600567
         217523100,0.00399137
         217523200,0.00398845
         217523300,0.0039856
         217523400,-0.00601717
         217523500,-0.00601985
         217523600,-0.00602243
         217523700,-0.00602489
         217523800,0.00397278
         217523900,0.00811274
         217524000,-0.00603142
         217524100,-0.00603327
         217524200,-0.00603493
         217524300,-0.00603638
         217524400,0.00810451
         217524500,0.00396136
         217524600,-0.00603942
         217524700,0.00396007
         217524800,-0.00604018
         217524900,0.00810199
         217525000,0.00396019
         217525100,-0.00603916
         217525200,0.00810394
         217525300,-0.00603688
         217525400,0.00396478
         217525500,0.00396681
         217525600,-0.00603078
         217525700,-0.00602798
         217525800,0.00811736
         217525900,-0.00602114
         217526000,-0.00601707
         217526100,0.00398744
         217526200,-0.00600758
         217526300,0.00399787
         217526400,-0.00599618
         217526500,-0.00598974
         217526600,0.00401723
         217526700,-0.00597527
         217526800,-0.00596723
         217526900,-0.00595863
         217527000,0.00405054
         217527100,-0.0059397
         217527200,0.00407066
         217527300,0.00822377
         217527400,-0.00590676
         217527500,0.00824761
         217527600,0.00826045
         217527700,0.00827388
         217527800,-0.00585427
         217527900,0.00416023
         217528000,-0.00582478
         217528100,-0.00580933
         217528200,0.00420655
         217528300,-0.00577717
         217528400,-0.00576052
         217528500,0.0083986
         217528600,0.00427376
         217528700,0.00843347
         217528800,-0.00569084
         217528900,-0.0056728
         217529000,0.00848756
         217529100,0.00436381
         217529200,-0.00561767
         217529300,-0.00559906
         217529400,-0.00558039
         217529500,0.0117588
         217529600,-0.00554296
         217529700,-0.00552427
         217529800,-0.00550563
         217529900,0.0118334
         217530000,-0.00546864
         217530100,0.00454965
         217530200,0.00456777
         217530300,-0.00541432
         217530400,-0.00539665
         217530500,-0.00537925
         217530600,-0.00536214
         217530700,-0.00534536
         217530800,0.0088132
         217530900,-0.0053129
         217531000,-0.00529728
         217531100,-0.00528211
         217531200,0.00473258
         217531300,-0.00525324
         217531400,0.0047604
         217531500,0.00477347
         217531600,-0.00521406
         217531700,0.00893992
         217531800,0.0089511
         217531900,0.00481945
         217532000,-0.00517078
         217532100,-0.00516176
         217532200,-0.00515353
         217532300,0.0048539
         217532400,-0.00513952
         217532500,-0.00513381
         217532600,-0.00512901
         217532700,0.00487488
         217532800,-0.0051221
         217532900,-0.00511994
         217533000,0.00488141
         217533100,0.00488199
         217533200,-0.00511819
         217533300,0.00902306
         217533400,0.00487937
         217533500,-0.00512284
         217533600,0.00901648
         217533700,-0.00512904
         217533800,0.00486702
         217533900,-0.00513741
         217534000,-0.00514233
         217534100,0.00485232
         217534200,0.00484657
         217534300,0.00484044
         217534400,-0.00516602
         217534500,-0.00517279
         217534600,-0.00517983
         217534700,0.0048129
         217534800,-0.00519457
         217534900,-0.00520221
         217535000,-0.00520998
         217535100,0.00892428
         217535200,0.00891634
         217535300,0.00476624
         217535400,-0.00524172
         217535500,0.00889249
         217535600,-0.0052575
         217535700,0.00473474
         217535800,0.00886927
         217535900,0.00886183
         217536000,0.00471246
         217536100,0.00470547
         217536200,0.00469876
         217536300,0.00469235
         217536400,0.00468629
         217536500,-0.00531939
         217536600,0.00467533
         217536700,0.00467051
         217536800,-0.00533384
         217536900,0.00880446
         217537000,0.00465904
         217537100,0.00465633
         217537200,-0.00534576
         217537300,0.0046528
         217537400,-0.00534796
         217537500,0.00879414
         217537600,-0.00534729
         217537700,0.00465421
         217537800,0.00879866
         217537900,0.00465965
         217538000,0.00466354
         217538100,-0.00533185
         217538200,-0.00532656
         217538300,0.0088215
         217538400,0.00468588
         217538500,-0.00530706
         217538600,-0.0052995
         217538700,-0.00529148
         217538800,-0.00528304
         217538900,-0.00527424
         217539000,0.00473489
         217539100,-0.0052557
         217539200,-0.00524605
         217539300,-0.0052362
         217539400,0.0047738
         217539500,-0.0052161
         217539600,0.00479406
         217539700,0.00894638
         217539800,-0.0051856
         217539900,-0.00517551
         217540000,0.00483446
         217540100,0.00484428
         217540200,-0.00514611
         217540300,0.00486326
         217540400,0.00487234
         217540500,0.00488109
         217540600,0.00488946
         217540700,0.00903954
         217540800,0.00490489
         217540900,0.00905399
         217541000,-0.00508172
         217541100,0.0122446
         217541200,-0.00507072
         217541300,-0.00506622
         217541400,0.00907968
         217541500,0.00908267
         217541600,-0.00505729
         217541700,0.00494402
         217541800,0.00494443
         217541900,-0.00505611
         217542000,-0.00505764
         217542100,0.00493979
         217542200,-0.00506387
         217542300,0.00493136
         217542400,-0.00507459
         217542500,0.00491825
         217542600,-0.00509017
         217542700,-0.00509988
         217542800,0.00488905
         217542900,0.0048766
         217543000,0.00486273
         217543100,-0.00515255
         217543200,-0.00516917
         217543300,0.00481291
         217543400,0.00479373
         217543500,-0.00522665
         217543600,-0.00524818
         217543700,-0.00527082
         217543800,0.00470549
         217543900,0.00468078
         217544000,-0.00534488
         217544100,-0.00537145
         217544200,-0.00539888
         217544300,0.00457288
         217544400,0.00454388
         217544500,-0.00548584
         217544600,-0.00551622
         217544700,-0.00554722
         217544800,-0.00557879
         217544900,0.00438912
         217545000,0.00435657
         217545100,-0.00567641
         217545200,-0.00570976
         217545300,-0.00574343
         217545400,-0.00577737
         217545500,0.00833059
         217545600,0.00415412
         217545700,0.00826178
         217545800,0.00408509
         217545900,0.00405051
         217546000,0.00401595
         217546100,-0.00601854
         217546200,0.00808922
         217546300,0.00391288
         217546400,0.00387888
         217546500,-0.00615485
         217546600,0.00381174
         217546700,0.00377868
         217546800,-0.00625396
         217546900,-0.00628615
         217547000,0.00782431
         217547100,-0.00634894
         217547200,0.00362054
         217547300,-0.00640932
         217547400,0.00770367
         217547500,0.00353313
         217547600,0.00350553
         217547700,0.00762092
         217547800,0.00345293
         217547900,-0.00657197
         217548000,-0.00659587
         217548100,-0.00661872
         217548200,-0.0066405
         217548300,0.00333878
         217548400,0.00331911
         217548500,0.00330046
         217548600,0.00742494
         217548700,0.00326613
         217548800,0.00325041
         217548900,-0.00676438
         217549000,0.00322174
         217549100,-0.00679125
         217549200,0.00319663
         217549300,-0.00681465
         217549400,0.0031749
         217549500,0.00316525
         217549600,-0.00684363
         217549700,0.00314826
         217549800,-0.00685913
         217549900,-0.00686579
         217550000,0.00727037
         217550100,0.00726506
         217550200,0.0072604
         217550300,-0.00688577
         217550400,0.00311081
         217550500,-0.00689204
         217550600,0.00310567
         217550700,0.00724606
         217550800,-0.00689731
         217550900,-0.00689804
         217551000,0.00310169
         217551100,0.00724401
         217551200,0.00310249
         217551300,0.00310352
         217551400,-0.00689508
         217551500,0.00310669
         217551600,0.0031088
         217551700,-0.00688877
         217551800,0.0104345
         217551900,-0.00688304
         217552000,0.00312021
         217552100,0.0031237
         217552200,-0.0068726
         217552300,0.00727342
         217552400,0.00727747
         217552500,0.00313953
         217552600,-0.00685616
         217552700,0.00729039
         217552800,-0.00684725
         217552900,-0.0068427
         217553000,-0.00683812
         217553100,-0.00683352
         217553200,-0.00682893
         217553300,0.00317562
         217553400,-0.00681986
         217553500,-0.00681537
         217553600,0.00318911
         217553700,0.00733572
         217553800,-0.00680192
         217553900,-0.0067974
         217554000,0.00320715
         217554100,0.0105323
         217554200,-0.00678357
         217554300,0.00322117
         217554400,-0.00677399
         217554500,0.00737309
         217554600,0.00323601
         217554700,-0.00675881
         217554800,0.00324652
         217554900,-0.006748
         217555000,0.00325765
         217555100,0.00740561
         217555200,-0.0067305
         217555300,-0.00672428
         217555400,0.00328217
         217555500,0.00328885
         217555600,-0.00670423
         217555700,0.00330295
         217555800,-0.0066896
         217555900,0.00331814
         217556000,-0.00667383
         217556100,0.00747664
         217556200,0.00334317
         217556300,0.00335217
         217556400,-0.00663849
         217556500,0.0106917
         217556600,0.0033813
         217556700,0.0075339
         217556800,-0.00659737
         217556900,0.00341391
         217557000,-0.00657439
         217557100,0.00757988
         217557200,-0.00654966
         217557300,-0.0065366
         217557400,-0.00652307
         217557500,-0.00650904
         217557600,-0.00649452
         217557700,0.00352052
         217557800,0.00353609
         217557900,0.00769434
         217558000,-0.00643113
         217558100,-0.0064139
         217558200,-0.00639608
         217558300,-0.00637768
         217558400,-0.00635867
         217558500,-0.00633904
         217558600,0.00368119
         217558700,0.00370198
         217558800,-0.00627669
         217558900,0.00374513
         217559000,0.0110879
         217559100,-0.00620986
         217559200,0.0079554
         217559300,-0.00616325
         217559400,0.00386057
         217559500,0.00388469
         217559600,-0.00609092
         217559700,0.0039337
         217559800,0.00810065
         217559900,0.00398349
         217560000,0.00400861
         217560100,0.00403382
         217560200,-0.0059409
         217560300,0.00408441
         217560400,0.00410972
         217560500,-0.00586501
         217560600,0.0041602
         217560700,0.0041853
         217560800,0.00835241
         217560900,0.00423508
         217561000,0.00840181
         217561100,0.00428404
         217561200,0.00430814
         217561300,0.00433194
         217561400,-0.0056446
         217561500,-0.00562151
         217561600,0.00440118
         217561700,-0.00557656
         217561800,-0.00555477
         217561900,-0.00553349
         217562000,-0.00551273
         217562100,0.00450745
         217562200,-0.00547297
         217562300,0.00454597
         217562400,-0.00543575
         217562500,0.0119023
         217562600,0.0087408
         217562700,-0.00538526
         217562800,0.00463
         217562900,0.00464444
         217563000,-0.005342
         217563100,0.00467066
         217563200,0.00468239
         217563300,-0.00530685
         217563400,-0.0052971
         217563500,0.00885376
         217563600,-0.00528073
         217563700,0.00472583
         217563800,-0.00526868
         217563900,-0.00526425
         217564000,-0.00526082
         217564100,0.00474161
         217564200,-0.00525692
         217564300,-0.00525637
         217564400,-0.00525673
         217564500,-0.00525795
         217564600,-0.00526002
         217564700,-0.00526291
         217564800,-0.00526658
         217564900,0.00887113
         217565000,-0.00527616
         217565100,0.00471799
         217565200,-0.00528853
         217565300,-0.00529569
         217565400,-0.00530346
         217565500,-0.00531181
         217565600,-0.00532072
         217565700,-0.00533015
         217565800,0.00465992
         217565900,-0.00535047
         217566000,0.0046387
         217566100,0.00462746
         217566200,0.00461584
         217566300,-0.00539613
         217566400,0.0119121
         217566500,-0.00542101
         217566600,0.00456614
         217566700,0.00455306
         217566800,-0.00546023
         217566900,-0.0054737
         217567000,-0.00548731
         217567100,0.00449895
         217567200,0.0144851
         217567300,0.00447125
         217567400,-0.00554267
         217567500,0.00444341
         217567600,0.00442951
         217567700,0.00441567
         217567800,0.00440191
         217567900,0.0085304
         217568000,0.0085169
         217568100,0.00436143
         217568200,0.0043483
         217568300,-0.0056646
         217568400,-0.00567725
         217568500,-0.00568961
         217568600,0.00844047
         217568700,-0.00571336
         217568800,0.00841744
         217568900,-0.00573563
         217569000,0.00425381
         217569100,0.00838576
         217569200,-0.00576619
         217569300,-0.00577565
         217569400,0.00835737
         217569500,0.00420646
         217569600,-0.00580199
         217569700,-0.00581012
         217569800,-0.00581794
         217569900,-0.00582545
         217570000,-0.00583267
         217570100,0.00416039
         217570200,-0.00584627
         217570300,0.00414733
         217570400,-0.00585881
         217570500,0.0114558
         217570600,0.00412965
         217570700,-0.00587577
         217570800,-0.00588097
         217570900,-0.00588596
         217571000,0.00410926
         217571100,0.0114252
         217571200,0.00410026
         217571300,-0.00590396
         217571400,-0.00590802
         217571500,0.00408807
         217571600,0.00408432
         217571700,-0.00591929
         217571800,0.0113977
         217571900,0.00407387
         217572000,0.00407063
         217572100,0.00820962
         217572200,-0.00593555
         217572300,-0.00593851
         217572400,0.00405861
         217572500,-0.0059442
         217572600,0.00405305
         217572700,-0.00594965
         217572800,0.00404769
         217572900,-0.00595494
         217573000,-0.00595754
         217573100,0.00403987
         217573200,0.00403729
         217573300,0.00403471
         217573400,-0.00596789
         217573500,0.00817163
         217573600,-0.00597316
         217573700,0.00816629
         217573800,0.00816356
         217573900,0.00401863
         217574000,0.00815791
         217574100,0.00815499
         217574200,-0.00599011
         217574300,0.00400688
         217574400,0.00400386
         217574500,-0.00599917
         217574600,0.0039978
         217574700,0.0113153
         217574800,0.00399183
         217574900,-0.0060111
         217575000,0.00812818
         217575100,0.00398326
         217575200,-0.00601944
         217575300,0.00397796
         217575400,-0.00602452
         217575500,-0.00602686
         217575600,-0.00602907
         217575700,-0.00603111
         217575800,0.00810914
         217575900,-0.00603468
         217576000,-0.00603617
         217576100,0.0112831
         217576200,0.011282
         217576300,0.00810282
         217576400,0.00396013
         217576500,0.00395984
         217576600,-0.00604017
         217576700,-0.00603988
         217576800,0.00396072
         217576900,-0.00603836
         217577000,0.0112834
         217577100,0.00810663
         217577200,0.00396647
         217577300,-0.00603118
         217577400,-0.00602844
         217577500,0.00811684
         217577600,-0.00602173
         217577700,-0.00601773
         217577800,0.00812884
         217577900,-0.00600839
         217578000,-0.00600301
         217578100,0.00400286
         217578200,0.00400923
         217578300,-0.00598389
         217578400,0.011344
         217578500,-0.00596852
         217578600,-0.00596001
         217578700,0.00404908
         217578800,-0.00594126
         217578900,0.00406901
         217579000,0.0140799
         217579100,0.00409139
         217579200,0.00410353
         217579300,0.00411628
         217579400,0.00412962
         217579500,0.00414352
         217579600,-0.00584206
         217579700,0.00831499
         217579800,-0.00581176
         217579900,0.00420405
         219509500,-0.00542985
         219509600,-0.00545893
         219509700,-0.00548871
         219509800,-0.00551916
         219509900,-0.00555021
         219510000,-0.00558183
         219510100,-0.00561397
         219510200,-0.00564656
         219510300,-0.00567958
         219510400,-0.00571296
         219510500,-0.00574666
         219510600,-0.00578062
         219510700,-0.00581481
         219510800,-0.00584917
         219510900,0.00411635
         219511000,0.00822393
         219511100,0.00818935
         219511200,0.00815479
         219511300,-0.00602183
         219511400,-0.00605619
         219511500,0.0112301
         219511600,0.00387565
         219511700,-0.00615805
         219511800,0.00380856
         219511900,-0.00622445
         219512000,-0.00625706
         219512100,-0.0062892
         219512200,-0.00632082
         219512300,-0.00635188
         219512400,-0.00638234
         219512500,0.00358787
         219512600,-0.00644121
         219512700,-0.00646954
         219512800,-0.00649706
         219512900,0.00761841
         219513000,0.00345052
         219513100,-0.00657429
         219513200,-0.0065981
         219513300,-0.00662085
         219513400,-0.00664253
         219513500,-0.00666314
         219513600,-0.00668271
         219513700,-0.00670127
         219513800,0.00742331
         219513900,0.00326459
         219514000,-0.00675104
         219514100,0.00323426
         219514200,0.00322046
         219514300,-0.00679244
         219514400,0.00733765
         219514500,0.00318432
         219514600,0.0104945
         219514700,-0.00683563
         219514800,0.00315556
         219514900,0.010468
         219515000,0.00728234
         219515100,-0.00686639
         219515200,0.0031277
         219515300,-0.00687755
         219515400,-0.00688214
         219515500,0.0104344
         219515600,-0.00688949
         219515700,-0.00689228
         219515800,0.00310548
         219515900,-0.00689621
         219516000,0.0031026
         219516100,0.00310191
         219516200,0.00724383
         219516300,0.0104224
         219516400,0.0104231
         219516500,0.00724577
         219516600,0.00310508
         219516700,-0.00689312
         219516800,0.00310902
         219516900,0.00311148
         219517000,0.00725637
         219517100,-0.00688274
         219517200,0.00726267
         219517300,-0.00687595
         219517400,-0.00687224
         219517500,0.0072738
         219517600,0.00313573
         219517700,-0.00686007
         219517800,0.00728639
         219517900,0.0104692
         219518000,-0.00684682
         219518100,0.00315774
         219518200,-0.00683768
         219518300,0.00316692
         219518400,0.010492
         219518500,-0.00682394
         219518600,0.0073227
         219518700,-0.00681494
         219518800,-0.00681046
         219518900,-0.00680598
         219519000,-0.00680149
         219519100,0.00320303
         219519200,0.00734972
         219519300,-0.0067878
         219519400,-0.00678312
         219519500,0.00322163
         219519600,-0.00677352
         219519700,0.00323143
         219519800,0.0032365
         219519900,0.00738383
         219520000,0.00738917
         219520100,-0.00674747
         219520200,0.00325819
         219520300,0.00326404
         219520400,0.00327008
         219520500,-0.00672367
         219520600,-0.0067172
         219520700,-0.0067105
         219520800,0.00329644
         219520900,0.00330365
         219521000,-0.00668887
         219521100,0.00331889
         219521200,0.00332695
         219521300,0.00333532
         219521400,0.00334401
         219521500,-0.00664696
         219521600,0.00336242
         219521700,0.00337216
         219521800,0.00338228
         219521900,-0.00660722
         219522000,0.00340369
         219522100,-0.006585
         219522200,-0.00657325
         219522300,0.00343893
         219522400,0.00345157
         219522500,-0.00653533
         219522600,-0.00652175
         219522700,0.00349232
         219522800,-0.0064931
         219522900,0.00352199
         219523000,0.00353761
         219523100,-0.00644623
         219523200,-0.00642951
         219523300,-0.00641222
         219523400,-0.00639435
         219523500,-0.00637589
         219523600,-0.00635682
         219523700,-0.00633713
         219523800,0.00368315
         219523900,-0.00629601
         219524000,0.00372537
         219524100,-0.00625276
         219524200,-0.00623043
         219524300,-0.00620767
         219524400,0.0161762
         219524500,0.00383901
         219524600,0.00386286
         219524700,0.00388701
         219524800,-0.00608858
         219524900,0.00393606
         219525000,-0.00603911
         219525100,0.00812802
         219525200,0.00401101
         219525300,0.00817837
         219525400,0.00820365
         219525500,0.00408683
         219525600,0.00411213
         219525700,-0.0058626
         219525800,0.0041626
         219525900,0.00418769
         219526000,-0.00578735
         219526100,-0.00576256
         219526200,-0.00573798
         219526300,-0.00571364
         219526400,0.00431043
         219526500,-0.00566581
         219526600,-0.00564238
         219526700,-0.00561932
         219526800,-0.00559667
         219526900,0.011746
         219527000,-0.00555272
         219527100,-0.00553148
         219527200,0.00863135
         219527300,-0.00549066
         219527400,-0.00547113
         219527500,0.00454775
         219527600,0.00456596
         219527700,-0.00541653
         219527800,-0.00539977
         219527900,0.00461623
         219528000,0.00463142
         219528100,-0.00535423
         219528200,-0.00534075
         219528300,-0.00532818
         219528400,0.00468346
         219528500,-0.00530588
         219528600,0.0120243
         219528700,-0.0052876
         219528800,0.00471995
         219528900,-0.0052736
         219529000,0.00473178
         219529100,-0.00526388
         219529200,0.00473945
         219529300,-0.00525821
         219529400,0.00474318
         219529500,0.00474363
         219529600,-0.00525681
         219529700,0.00474188
         219529800,0.00473974
         219529900,-0.00526322
         219530000,-0.00526697
         219530100,-0.00527146
         219530200,-0.00527668
         219530300,0.00885953
         219530400,0.00471082
         219530500,-0.0052964
         219530600,-0.00530423
         219530700,-0.00531264
         219530800,0.0046784
         219530900,0.0119894
         219531000,-0.00534105
         219531100,-0.00535149
         219531200,-0.00536236
         219531300,0.00462636
         219531400,-0.00538529
         219531500,-0.00539729
         219531600,0.00459039
         219531700,-0.00542222
         219531800,0.0045649
         219531900,0.0045518
         219532000,0.00453849
         219532100,-0.00547499
         219532200,-0.00548862
         219532300,0.00449764
         219532400,0.00448381
         219532500,0.00446992
         219532600,0.00859813
         219532700,-0.00555792
         219532800,-0.00557181
         219532900,0.0117349
         219533000,0.0117211
         219533100,0.00438697
         219533200,-0.00562651
         219533300,0.00436017
         219533400,-0.00565294
         219533500,0.00433418
         219533600,-0.00567844
         219533700,-0.00569078
         219533800,0.00429721
         219533900,0.00428554
         219534000,-0.00572575
         219534100,0.00840548
         219534200,-0.00574718
         219534300,-0.00575732
         219534400,-0.00576711
         219534500,-0.00577654
         219534600,-0.00578562
         219534700,-0.00579436
         219534800,-0.00580278
         219534900,0.00418912
         219535000,0.00418133
         219535100,-0.00582615
         219535200,-0.00583335
         219535300,0.00415974
         219535400,-0.00584689
         219535500,0.0114672
         219535600,-0.00585938
         219535700,0.0114553
         219535800,-0.00587088
         219535900,-0.00587628
         219536000,0.00411854
         219536100,0.00411358
         219536200,0.00825095
         219536300,-0.00589576
         219536400,0.00409985
         219536500,-0.00590436
         219536600,-0.0059084
         219536700,-0.00591229
         219536800,-0.00591603
         219536900,0.00408037
         219537000,-0.0059231
         219537100,0.00407356
         219537200,-0.00592968
         219537300,0.00820933
         219537400,0.00406416
         219537500,-0.00593879
         219537600,-0.00594166
         219537700,-0.00594447
         219537800,-0.00594721
         219537900,0.00819222
         219538000,0.00404743
         219538100,0.00818695
         219538200,0.00818435
         219538300,0.00403963
         219538400,0.00817918
         219538500,0.00817659
         219538600,-0.00596814
         219538700,-0.00597076
         219538800,-0.00597341
         219538900,-0.0059761
         219539000,-0.00597884
         219539100,0.00401836
         219539200,-0.0059845
         219539300,-0.00598743
         219539400,-0.0059904
         219539500,-0.0059934
         219539600,0.00400357
         219539700,-0.00599946
         219539800,0.00399751
         219539900,0.00399451
         219540000,-0.00600845
         219540100,-0.00601137
         219540200,-0.00601423
         219540300,-0.00601701
         219540400,-0.00601969
         219540500,0.00397772
         219540600,0.00811739
         219540700,0.00397292
         219540800,0.00397073
         219540900,-0.0060313
         219541000,0.00810897
         219541100,0.00396517
         219541200,0.0039637
         219541300,0.00810457
         219541400,-0.00603859
         219541500,-0.00603938
         219541600,-0.00603991
         219541700,-0.00604017
         219541800,-0.00604015
         219541900,-0.00603984
         219542000,0.00396079
         219542100,0.00396174
         219542200,0.00396303
         219542300,-0.00603533
         219542400,-0.00603332
         219542500,-0.00603094
         219542600,-0.00602816
         219542700,0.00397503
         219542800,-0.00602137
         219542900,-0.00601733
         219543000,-0.00601284
         219543100,-0.00600789
         219543200,-0.00600247
         219543300,-0.00599655
         219543400,0.00400986
         219543500,-0.0059832
         219543600,-0.00597574
         219543700,-0.00596773
         219543800,-0.00595916
         219543900,0.00404997
         219544000,0.0040597
         219544100,0.00407002
         219544200,-0.00591904
         219544300,0.00823466
         219544400,-0.00589528
         219544500,-0.00588247
         219544600,-0.00586907
         219544700,-0.00585513
         219544800,-0.00584066
         219544900,0.0041743
         219545000,0.00418973
         219545100,-0.00579442
         219545200,0.00422184
         219545300,-0.00576153
         219545400,0.00425544
         219545500,-0.00572728
         219545600,-0.00570972
         219545700,-0.00569192
         219545800,-0.00567389
         219545900,0.00434433
         219546000,-0.00563729
         219546100,0.00438121
         219546200,-0.00560018
         219546300,0.00441849
         219546400,-0.0055628
         219546500,0.0117764
         219546600,0.00861675
         219546700,0.00449325
         219546800,0.00451181
         219546900,0.00453026
         219547000,0.00869069
         219547100,-0.00543331
         219547200,0.00458461
         219547300,-0.0053977
         219547400,-0.00538028
         219547500,-0.00536315
         219547600,-0.00534635
         219547700,0.00467009
         219547800,-0.00531385
         219547900,-0.0052982
         219548000,0.00471699
         219548100,-0.00526829
         219548200,-0.00525407
         219548300,-0.0052404
         219548400,-0.00522729
         219548500,-0.00521479
         219548600,-0.00520291
         219548700,0.00895045
         219548800,0.00896098
         219548900,-0.00517134
         219549000,0.00483772
         219549100,-0.005154
         219549200,-0.00514652
         219549300,-0.00513989
         219549400,-0.00513413
         219549500,-0.00512927
         219549600,-0.00512532
         219549700,-0.00512226
         219549800,-0.00512004
         219549900,-0.00511865
         219550000,0.00488197
         219550100,0.00488184
         219550200,-0.005119
         219550300,-0.00512052
         219550400,-0.00512269
         219550500,0.00901666
         219550600,0.00901331
         219550700,0.00486727
         219550800,-0.00513713
         219550900,0.00485798
         219551000,-0.00514734
         219551100,-0.00515308
         219551200,-0.00515918
         219551300,-0.00516563
         219551400,-0.00517238
         219551500,0.0048206
         219551600,-0.00518666
         219551700,-0.00519412
         219551800,-0.00520175
         219551900,-0.00520951
         219552000,0.00478262
         219552100,-0.00522531
         219552200,-0.00523328
         219552300,-0.00524125
         219552400,-0.00524918
         219552500,0.00474296
         219552600,-0.00526479
         219552700,0.00472758
         219552800,-0.00527987
         219552900,0.00885502
         219553000,0.00470588
         219553100,-0.00530085
         219553200,-0.00530727
         219553300,-0.00531335
         219553400,-0.00531906
         219553500,-0.00532436
         219553600,-0.00532922
         219553700,-0.00533359
         219553800,0.00466254
         219553900,-0.00534078
         219554000,-0.00534352
         219554100,-0.00534565
         219554200,0.00465287
         219554300,-0.00534793
         219554400,0.00465198
         219554500,-0.00534735
         219554600,-0.0053459
         219554700,-0.00534364
         219554800,-0.00534056
         219554900,0.00466329
         219555000,0.00880999
         219555100,-0.00532689
         219555200,-0.00532101
         219555300,-0.00531453
         219555400,-0.0053075
         219555500,0.00470003
         219555600,-0.00529197
         219555700,-0.00528356
         219555800,0.00472522
         219555900,-0.00526566
         219556000,0.00474373
         219556100,-0.00524663
         219556200,0.00476321
         219556300,0.00477319
         219556400,0.00478329
         219556500,0.012114
         219556600,-0.00519636
         219556700,-0.0051862
         219556800,0.00482389
         219556900,-0.00516613
         219557000,0.00898583
         219557100,-0.00514668
         219557200,-0.00513729
         219557300,-0.00512819
         219557400,-0.00511942
         219557500,-0.00511103
         219557600,0.00489694
         219557700,-0.00509555
         219557800,-0.00508854
         219557900,0.00906004
         219558000,-0.00507623
         219558100,-0.00507101
         219558200,-0.00506647
         219558300,0.0122578
         219558400,-0.00505962
         219558500,-0.0050574
         219558600,-0.00505603
         219558700,-0.00505557
         219558800,0.00494395
         219558900,0.00494248
         219559000,0.0090821
         219559100,0.00493638
         219559200,0.00493167
         219559300,0.0049258
         219559400,-0.00508129
         219559500,0.00491037
         219559600,-0.00509926
         219559700,-0.00511025
         219559800,-0.00512261
         219559900,-0.0051364
         219560000,0.00899054
         219560100,0.00483186
         219560200,-0.00518598
         219560300,0.00479491
         219560400,0.0047746
         219560500,0.0120736
         219560600,0.00473057
         219560700,0.00470693
         219560800,0.00468229
         219560900,0.00465669
         219561000,0.00463017
         219561100,0.00460279
         219561200,0.0118951
         219561300,0.00454564
         219561400,-0.00548404
         219561500,-0.00551439
         219561600,-0.00554535
         219561700,0.00442311
         219561800,-0.00560894
         219561900,-0.00564147
         219562000,0.00432558
         219562100,0.00429225
         219562200,0.0042586
         219562300,-0.00577533
         219562400,0.00419051
         219562500,0.00829831
         219562600,-0.00587829
         219562700,0.0082293
         219562800,0.00819472
         219562900,-0.00598198
         219563000,0.00398352
         219563100,-0.00605086
         219563200,-0.00608508
         219563300,0.0112014
         219563400,-0.00615284
         219563500,0.0138137
         219563600,0.0137806
         219563700,-0.00625202
         219563800,0.00371577
         219563900,0.00368406
         219564000,0.0136529
         219564100,-0.00637765
         219564200,0.00773459
         219564300,0.00356326
         219564400,0.00353481
         219564500,-0.00649284
         219564600,0.0076225
         219564700,-0.00654554
         219564800,-0.0065705
         219564900,0.00340554
         219565000,-0.00661738
         219565100,-0.00663923
         219565200,0.00334
         219565300,-0.00667974
         219565400,0.00330155
         219565500,0.00328384
         219565600,-0.0067329
         219565700,0.00739346
         219565800,0.00323648
         219565900,0.00736468
         219566000,0.00320951
         219566100,0.00733947
         219566200,-0.00681399
         219566300,0.0031755
         219566400,-0.0068342
         219566500,-0.00684312
         219566600,0.00729086
         219566700,0.0031413
         219566800,0.00313459
         219566900,-0.00687143
         219567000,-0.00687678
         219567100,0.00726066
         219567200,0.00311446
         219567300,0.003111
         219567400,-0.00689189
         219567500,0.0031058
         219567600,0.00724615
         219567700,0.00310275
         219567800,0.00310199
         219567900,0.0031017
         219568000,0.00310186
         219568100,0.00724458
         219568200,-0.00689656
         219568300,0.00310483
         219568400,0.00310657
         219568500,0.00310867
         219568600,0.00311108
         219568700,-0.00688621
         219568800,-0.00688323
         219568900,0.00312001
         219569000,0.00726562
         219569100,0.00726931
         219569200,0.00313104
         219569300,0.00727722
         219569400,0.0072814
         219569500,0.00314358
         219569600,0.0104685
         219569700,0.00315248
         219569800,-0.00684297
         219569900,-0.00683839
         219570000,-0.0068338
         219570100,-0.00682921
         219570200,-0.00682465
         219570300,-0.00682013
         219570400,0.0105049
         219570500,-0.00681116
         219570600,-0.00680668
         219570700,0.00733994
         219570800,0.00320232
         219570900,0.00734901
         219571000,-0.00678852
         219571100,0.0105367
         219571200,-0.00677911
         219571300,-0.00677428
         219571400,-0.00676935
         219571500,0.0032357
         219571600,-0.00675912
         219571700,-0.00675381
         219571800,0.0073938
         219571900,-0.0067427
         219572000,0.00326312
         219572100,0.00741126
         219572200,0.00741748
         219572300,0.0106023
         219572400,0.00328844
         219572500,0.00329535
         219572600,0.00744465
         219572700,-0.00669005
         219572800,0.00331766
         219572900,0.00332568
         219573000,0.00747613
         219573100,-0.00665736
         219573200,-0.00664838
         219573300,0.00336094
         219573400,0.00751276
         219573500,0.00338068
         219573600,-0.00660888
         219573700,0.00340197
         219573800,0.00341322
         219573900,0.00756703
         219574000,0.013437
         219574100,0.00759171
         219574200,0.0107831
         219574300,0.00347611
         219574400,-0.0065099
         219574500,0.0108251
         219574600,0.0108401
         219574700,0.00353515
         219574800,0.00355122
         219574900,-0.00643214
         219575000,-0.00641495
         219575100,-0.00639717
         219575200,-0.0063788
         219575300,0.00364018
         219575400,0.00365977
         219575500,-0.00632004
         219575600,0.00370072
         219575700,0.00786415
         219575800,-0.00625619
         219575900,0.0137661
         219576000,0.00378877
         219576100,0.0138119
         219576200,0.00383534
         219576300,-0.00614086
         219576400,0.00388324
         219576500,0.00390761
         219576600,-0.00606779
         219576700,0.00809915
         219576800,-0.00601801
         219576900,0.0113276
         219577000,0.00403231
         219577100,0.00405758
         219577200,0.00408289
         219577300,-0.0058918
         219577400,-0.00586652
         219577500,-0.00584131
         219577600,-0.0058162
         219577700,-0.00579122
         219577800,0.00837573
         219577900,-0.00574179
         219578000,0.00842473
         219578100,-0.00569329
         219578200,0.00847266
         219578300,-0.005646
         219578400,0.00437712
         219578500,-0.00560016
         219578600,-0.00557788
         219578700,-0.00555606
         219578800,0.00860739
         219578900,0.00448604
         219579000,0.00450626
         219579100,-0.00547413
         219579200,0.00454486
         219579300,0.0118837
         219579400,0.00458079
         219579500,-0.00540232
         219579600,-0.0053862
         219579700,-0.00537089
         219579800,0.00878573
         219579900,-0.00534279
         219580000,0.00466993
         219580100,0.00882385
         219580200,-0.00530747
         219580300,0.00470235
         219580400,-0.00528887
         219580500,-0.00528115
         219580600,-0.00527453
         219580700,-0.00526898
         219580800,0.012056
         219580900,-0.005261
         219581000,-0.00525851
         219581100,-0.00525698
         219581200,0.00888576
         219581300,0.00888545
         219581400,-0.00525786
         219581500,-0.00525988
         219581600,-0.00526271
         219581700,-0.00526634
         219581800,0.00472928
         219581900,0.00886631
         219582000,-0.00528164
         219582100,-0.00528812
         219582200,-0.00529524
         219582300,-0.00530297
         219582400,0.00468871
         219582500,0.00467983
         219582600,0.00467043
         219582700,-0.00533947
         219582800,0.0087923
         219582900,-0.00536064
         219583000,0.00462814
         219583100,-0.00538345
         219583200,0.0119251
         219583300,-0.00540768
         219583400,-0.00542025
         219583500,-0.00543308
         219583600,-0.00544615
         219583700,-0.00545943
         219583800,0.00452711
         219583900,0.00451351
         219584000,-0.00550022
         219584100,-0.00551404
         219584200,0.00447208
         219584300,0.00445816
         219584400,0.00444424
         219584500,0.00443034
         219584600,-0.0055835
         219584700,-0.00559726
         219584800,-0.00561092
         219584900,-0.00562443
         219585000,0.00850436
         219585100,-0.00565092
         219585200,-0.00566384
         219585300,-0.0056765
         219585400,-0.00568888
         219585500,0.00844119
         219585600,-0.00571267
         219585700,-0.00572402
         219585800,-0.00573499
         219585900,0.00425443
         219586000,0.00424423
         219586100,0.00423439
         219586200,0.00422491
         219586300,0.0083579
         219586400,-0.00579303
         219586500,0.00834064
         219586600,-0.00580964
         219586700,0.00418252
         219586800,0.00417499
         219586900,0.00416775
         219587000,0.0041608
         219587100,-0.00584588
         219587200,0.00414771
         219587300,0.00414155
         219587400,0.00827778
         219587500,0.00412998
         219587600,-0.00587545
         219587700,0.00826147
         219587800,0.00825647
         219587900,0.00410954
         219588000,-0.00589506
         219588100,-0.00589948
         219588200,0.00409629
         219588300,0.00409222
         219588400,-0.0059117
         219588500,-0.00591546
         219588600,-0.00591908
         219588700,0.00407744
         219588800,-0.00592593
         219588900,0.00821295
         219589000,-0.00593233
         219589100,0.00406462
         219589200,0.00406166
         219589300,-0.00594122
         219589400,0.0081981
         219589500,0.00405321
         219589600,0.00405051
         219589700,-0.00595215
         219589800,-0.00595478
         219589900,-0.00595739
         219590000,0.00404003
         219590100,-0.00596255
         219590200,-0.00596514
         219590300,-0.00596773
         219590400,-0.00597035
         219590500,-0.005973
         219590600,0.00402432
         219590700,0.00402159
         219590800,-0.0059812
         219590900,-0.00598405
         219591000,-0.00598697
         219591100,-0.00598994
         219591200,0.0081492
         219591300,-0.00599596
         219591400,0.00400101
         219591500,-0.00600202
         219591600,0.00399498
         219591700,-0.006008
         219591800,-0.00601092
         219591900,-0.00601379
         219592000,0.00398342
         219592100,0.00398072
         219592200,-0.00602188
         219592300,0.0112961
         219592400,0.00397327
         219592500,-0.00602894
         219592600,0.00811114
         219592700,-0.00603288
         219592800,0.00396542
         219592900,0.00396391
         219593000,-0.00603738
         219593100,-0.00603844
         219593200,-0.00603927
         219593300,-0.00603984
         219593400,0.00810199
         219593500,0.00810196
         219593600,-0.0060399
         219593700,-0.00603933
         219593800,0.00396157
         219593900,-0.00603719
         219594000,-0.00603561
         219594100,0.00396634
         219594200,-0.00603133
         219594300,0.00811352
         219594400,-0.0060255
         219594500,0.00397804
         219594600,-0.00601799
         219594700,-0.00601357
         219594800,-0.00600869
         219594900,0.00813879
         219595000,-0.00599751
         219595100,-0.00599117
         219595200,0.00401568
         219595300,-0.00597693
         219595400,0.00403099
         219595500,0.00403947
         219595600,0.00404852
         219595700,0.0113787
         219595800,-0.00593162
         219595900,-0.00592078
         219596000,-0.00590932
         219596100,-0.00589722
         219596200,-0.0058845
         219596300,0.00827094
         219596400,-0.00585733
         219596500,-0.00584294
         219596600,0.00831408
         219596700,-0.0058127
         219596800,0.00834523
         219596900,0.00421929
         219597000,0.0115564
         219597100,-0.00574722
         219597200,-0.00572999
         219597300,0.00428753
         219597400,0.00844744
         219597500,0.00846543
         219597600,0.00434149
         219597700,0.00435984
         219597800,-0.00562167
         219597900,0.00439692
         219598000,-0.00558441
         219598100,-0.00556571
         219598200,0.00859514
         219598300,0.00861385
         219598400,-0.00550964
         219598500,0.00865107
         219598600,0.0045274
         219598700,-0.00545427
         219598800,0.00456388
         219598900,0.00458184
         219599000,0.00459957
         219599100,-0.00538297
         219599200,0.00463421
         219599300,0.00465106
         219599400,-0.00533244
         219599500,0.00468369
         219599600,-0.0053006
         219599700,-0.00528534
         219599800,-0.00527054
         219599900,0.00474375
         219600000,0.00475751
         219600100,-0.00522929
         219600200,0.00478331
         219600300,-0.00520471
         219600400,-0.00519338
         219600500,-0.00518274
         219600600,0.0121477
         219600700,0.00483636
         219600800,0.0121653
         219600900,-0.00514763
         219601000,-0.00514087
         219601100,0.00486503
         219601200,0.00487003
         219601300,0.00487412
         219601400,-0.00512268
         219601500,0.00487967
         219601600,-0.00511881
         219601700,-0.00511807
         219601800,0.00488191
         219601900,-0.00511882
         219602000,-0.00512024
         219602100,0.00487769
         219602200,-0.005125
         219602300,0.00487173
         219602400,-0.00513209
         219602500,0.00486358
         219602600,-0.00514123
         219602700,-0.00514649
         219602800,-0.00515216
         219602900,-0.00515821
         219603000,-0.00516461
         219603100,-0.00517131
         219603200,0.00896384
         219603300,0.012135
         219603400,0.00894919
         219603500,-0.00520055
         219603600,-0.0052083
         219603700,-0.00521615
         219603800,-0.00522408
         219603900,0.00891009
         219604000,-0.00524001
         219604100,-0.00524795
         219604200,0.00888631
         219604300,-0.0052636
         219604400,0.00887089
         219604500,-0.00527872
         219604600,-0.005286
         219604700,0.00884909
         219604800,-0.00529982
         219604900,0.00883584
         219605000,-0.00531243
         219605100,-0.0053182
         219605200,-0.00532357
         219605300,-0.00532849
         219605400,-0.00533295
         219605500,-0.0053369
         219605600,-0.0053403
         219605700,0.008799
         219605800,0.00465464
         219605900,-0.00534695
         219606000,-0.00534785
         219606100,0.00465195
         219606200,-0.0053475
         219606300,-0.00534618
         219606400,-0.00534404
         219606500,0.00880105
         219606600,-0.00533736
         219606700,-0.0053329
         219606800,0.0119928
         219606900,-0.00532196
         219607000,-0.00531557
         219607100,-0.00530863
         219607200,0.0146988
         219607300,0.00884889
         219607400,0.00471511
         219607500,0.00886597
         219607600,0.0047329
         219607700,0.00474226
         219607800,0.00475186
         219607900,-0.00523833
         219608000,-0.00522837
         219608100,0.00478172
         219608200,-0.00520813
         219608300,0.00480205
         219608400,-0.00518778
         219608500,-0.00517767
         219608600,0.00483233
         219608700,-0.00515782
         219608800,0.00899398
         219608900,0.0090034
         219609000,-0.00512958
         219609100,0.00487924
         219609200,0.00902982
         219609300,-0.00510427
         219609400,-0.00509668
         219609500,-0.0050896
         219609600,0.0122375
         219609700,0.0049229
         219609800,-0.00507178
         219609900,0.009075
         219610000,0.00493679
         219610100,-0.00506004
         219610200,-0.00505769
         219610300,0.00494381
         219610400,0.00908656
         219610500,0.00494409
         219610600,-0.00505723
         219610700,0.00494043
         219610800,-0.00506299
         219610900,0.00907462
         219611000,-0.00507321
         219611100,0.0049199
         219611200,0.00905389
         219611300,0.00490232
         219611400,-0.00510845
         219611500,0.00902154
         219611600,-0.00513417
         219611700,0.00485086
         219611800,-0.00516548
         219611900,0.00481687
         219612000,0.0121185
         219612100,0.00477784
         219612200,-0.00524345
         219612300,-0.00526586
         219612400,-0.00528933
         219612500,-0.00531381
         219612600,0.00466073
         219612700,-0.00536565
         219612800,0.0046071
         219612900,-0.00542097
         219613000,0.00869232
         219613100,0.00452062
         219613200,0.00449037
         219613300,-0.0055405
         219613400,0.00442805
         219613500,0.00439607
         219613600,0.00436361
         219613700,-0.00566928
         219613800,-0.00570255
         219613900,0.00426385
         219614000,-0.00577004
         219614100,-0.00580417
         219614200,0.00830366
         219614300,-0.00587293
         219614400,0.00823467
         219614500,0.00820009
         219614600,0.00402339
         219614700,0.0113094
         219614800,0.00395447
         219614900,-0.00607978
         219615000,-0.00611382
         219615100,-0.00614761
         219615200,0.0038189
         219615300,-0.00621424
         219615400,0.0110735
         219615500,-0.00627926
         219615600,0.00368895
         219615700,-0.00634229
         219615800,0.00362706
         219615900,-0.00640294
         219616000,0.00770988
         219616100,-0.00646082
         219616200,0.0035114
         219616300,0.00348447
         219616400,0.00345842
         219616500,-0.00656669
         219616600,0.00755133
         219616700,0.0107066
         219616800,-0.0066359
         219616900,-0.00665684
         219617000,-0.00667674
         219617100,-0.00669561
         219617200,-0.00671347
         219617300,0.00741178
         219617400,0.0105742
         219617500,-0.00676127
         219617600,0.00322465
         219617700,0.00321148
         219617800,-0.00680083
         219617900,-0.00681229
         219618000,0.0131771
         219618100,0.00730939
         219618200,0.00315822
         219618300,0.00729207
         219618400,0.0031424
         219618500,0.00727772
         219618600,-0.00687054
         219618700,0.00312401
         219618800,-0.00688078
         219618900,0.00725719
         219619000,-0.00688851
         219619100,-0.00689147
         219619200,-0.00689388
         219619300,0.00310426
         219619400,0.00310292
         219619500,-0.00689792
         219619600,-0.00689829
         219619700,0.00724394
         219619800,-0.00689767
         219619900,0.00310326
         219620000,-0.00689541
         219620100,0.00310628
         219620200,-0.00689168
         219620300,-0.00688932
         219620400,-0.00688665
         219620500,0.00311629
         219620600,0.00726163
         219620700,-0.00687707
         219620800,-0.00687341
         219620900,-0.00686957
         219621000,0.0154951
         219621100,0.00313861
         219621200,0.0031429
         219621300,-0.0068527
         219621400,0.00315178
         219621500,0.00315632
         219621600,-0.00683911
         219621700,0.010486
         219621800,0.00317008
         219621900,0.00317464
         219622000,-0.00682083
         219622100,0.0105042
         219622200,0.00318815
         219622300,-0.00680738
         219622400,0.00319711
         219622500,0.00320162
         219622600,0.00320617
         219622700,-0.00678924
         219622800,0.00321542
         219622900,0.0132201
         219623000,-0.00677504
         219623100,0.0105504
         219623200,-0.00676509
         219623300,0.0105606
         219623400,0.00324536
         219623500,0.00739294
         219623600,0.00739855
         219623700,-0.0067378
         219623800,0.00326818
         219623900,-0.00672564
         219624000,0.0074229
         219624100,0.00742952
         219624200,-0.00670574
         219624300,0.00744352
         219624400,-0.00669123
         219624500,0.00331645
         219624600,0.00332441
         219624700,-0.00666732
         219624800,0.00334128
         219624900,0.00749233
         219625000,0.0075016
         219625100,-0.0066309
         219625200,0.00337909
         219625300,0.00338948
         219625400,0.00340025
         219625500,0.00341144
         219625600,0.00756519
         219625700,-0.0065649
         219625800,0.00344759
         219625900,0.00760268
         219626000,-0.00652602
         219626100,-0.0065121
         219626200,-0.00649769
         219626300,0.00765938
         219626400,0.00767483
         219626500,-0.00645131
         219626600,-0.00643477
         219626700,0.00358234
         219626800,-0.00639997
         219626900,-0.00638169
         219627000,-0.00636281
         219627100,-0.00634332
         219627200,-0.00632322
         219627300,-0.00630254
         219627400,-0.00628133
         219627500,0.0110609
         219627600,-0.00623742
         219627700,0.00378522
         219627800,0.00795039
         219627900,0.00383167
         219628000,-0.00614458
         219628100,-0.00612052
         219628200,-0.00609619
         219628300,-0.00607162
         219628400,-0.00604685
         219628500,0.0139781
         219628600,0.00400319
         219628700,0.00817052
         219628800,-0.00594635
         219628900,0.00822109
         219629000,-0.00589573
         219629100,0.00412956
         219629200,-0.00584522
         219629300,0.00832204
         219629400,-0.00579509
         219629500,0.00837189
         219629600,0.00839654
         219629700,-0.00572118
         219629800,-0.00569702
         219629900,0.00432684
         219630000,0.00849251
         219630100,0.00437355
         219630200,0.00439633
         219630300,0.0117392
         219630400,0.00444058
         219630500,-0.00553802
         219630600,0.00862498
         219630700,0.00864529
         219630800,-0.00547713
         219630900,-0.00545805
         219631000,-0.00543963
         219631100,-0.0054219
         219631200,-0.0054049
         219631300,0.00875348
         219631400,-0.00537321
         219631500,-0.0053586
         219631600,-0.00534484
         219631700,-0.00533198
         219631800,0.00467995
         219631900,0.00469092
         219632000,0.00470089
         219632100,0.00470984
         219632200,-0.00528228
         219632300,-0.00527549
         219632400,0.00473022
         219632500,0.00473489
         219632600,-0.00526148
         219632700,-0.00525883
         219632800,-0.00525715
         219632900,0.00888572
         219633000,0.00474343
         219633100,-0.00525762
         219633200,-0.00525951
         219633300,0.00473778
         219633400,-0.00526572
         219633500,-0.00526999
         219633600,0.00886715
         219633700,-0.00528069
         219633800,0.00471293
         219633900,0.00470591
         219634000,0.00469827
         219634100,0.00469004
         219634200,0.00468124
         219634300,-0.00532808
         219634400,-0.0053379
         219634500,0.00465181
         219634600,0.00464107
         219634700,0.00462991
         219634800,0.00876051
         219634900,-0.00539353
         219635000,-0.00540575
         219635100,-0.00541828
         219635200,0.00456893
         219635300,-0.00544411
         219635400,0.00454265
         219635500,-0.00547078
         219635600,0.00865776
         219635700,0.0145019
         219635800,-0.00551189
         219635900,-0.00552576
         219636000,-0.00553967
         219636100,0.0117669
         219636200,0.0044325
         219636300,0.00441864
         219636400,-0.00559513
         219636500,0.0043912
         219636600,0.00437766
         219636700,0.00436429
         219636800,0.00435111
         219636900,0.00848029
         219637000,0.00432545
         219637100,-0.00568698
         219637200,-0.00569909
         219637300,-0.00571087
         219637400,0.0115982
         219637500,0.00426669
         219637600,0.00839819
         219637700,-0.00575421
         219637800,0.00423589
         219637900,-0.00577364
         219638000,0.00421717
         219638100,-0.00579168
         219638200,0.0041998
         219638300,-0.0058084
         219638400,-0.00581628
         219638500,0.00417614
         219638600,-0.00583114
         219638700,-0.00583814
         219638800,-0.00584486
         219638900,0.00414869
         219639000,0.00414249
         219639100,0.00413655
         219639200,0.00413085
         219639300,-0.00587462
         219639400,-0.00587987
         219639500,0.0041151
         219639600,-0.00588973
         219639700,0.00410564
         219639800,0.0041012
         219639900,0.00409693
         219640000,0.00409284
         219640100,0.0040889
         219640200,0.00408512
         219640300,-0.00591852
         219640400,0.0082201
         219640500,0.0113951
         219640600,-0.00592868
         219640700,0.00406816
         219640800,0.00406509
         219640900,0.00406212
         219641000,0.00820136
         219641100,0.0040564
         219641200,-0.00594637
         219641300,-0.00594908
         219641400,0.00819039
         219641500,0.0113661
         219641600,0.00404302
         219641700,0.00404043
         219641800,-0.00596215
         219641900,-0.00596474
         219642000,0.0113532
         219642100,0.00817219
         219642200,-0.00597258
         219642300,0.00402474
         219642400,-0.00597798
         219642500,0.00401924
         219642600,0.00401639
         219642700,0.011334
         219642800,-0.00598947
         219642900,0.00400753
         219643000,-0.00599549
         219643100,0.00400148
         219643200,0.00399845
         219643300,0.00399544
         219643400,-0.00600754
         219643500,0.00398953
         219643600,0.0113072
         219643700,-0.00601615
         219643800,-0.00601887
         219643900,0.00812065
         219644000,0.00397601
         219644100,0.00397363
         219644200,0.00397139
         219644300,-0.00603069
         219644400,0.00810953
         219644500,-0.00603433
         219644600,0.00396413
         219644700,-0.00603719
         219644800,-0.00603829
         219644900,0.00396084
         219645000,-0.00603977
         219645100,-0.00604012
         219645200,-0.00604019
         219645300,0.00810217
         219645400,0.0081027
         219645500,0.00396141
         219645600,-0.00603741
         219645700,0.00396412
         219645800,0.00396601
         219645900,0.00396828
         219646000,0.00397093
         219646100,-0.00602601
         219646200,-0.00602254
         219646300,-0.00601863
         219646400,0.00398571
         219646500,0.00813265
         219646600,0.00813793
         219646700,-0.00599845
         219646800,-0.00599219
         219646900,0.00815672
         219647000,0.00402188
         219647100,-0.00597028
         219647200,0.00403811
         219647300,0.00404707
         219647400,0.00405661
         219647500,0.00820888
         219647600,-0.00592251
         219647700,-0.00591114
         219647800,0.00410086
         219647900,0.00411349
         219648000,-0.0058733
         219648100,-0.00585952
         219648200,0.0114753
         219648300,-0.0058304
         219648400,0.0115054
         219648500,-0.00579939
         219648600,0.00421675
         219648700,0.0083754
         219648800,0.00425013
         219648900,-0.00573268
         219649000,0.00428479
         219649100,0.00430253
         219649200,0.00432049
         219649300,0.0116592
         219649400,0.00435698
         219649500,0.00851759
         219649600,-0.00560597
         219649700,-0.00558732
         219649800,0.00857352
         219649900,-0.0055499
         219650000,-0.00553119
         219650100,-0.00551253
         219650200,-0.00549394
         219650300,0.00452454
         219650400,-0.00545711
         219650500,0.00456107
         219650600,0.0087212
         219650700,0.00459683
         219650800,-0.00538566
         219650900,0.00463156
         219651000,0.0087906
         219651100,-0.00533498
         219651200,0.0120017
         219651300,0.00469698
         219651400,0.00471232
         219651500,-0.00527281
         219651600,-0.00525844
         219651700,0.00475541
         219651800,0.0047687
         219651900,0.00478139
         219652000,0.00479347
         219652100,0.00894703
         219652200,-0.00518435
         219652300,0.00482569
         219652400,-0.00516501
         219652500,-0.00515649
         219652600,-0.00514876
         219652700,-0.00514186
         219652800,0.00486417
         219652900,0.00901145
         219653000,0.00487355
         219653100,0.00487688
         219653200,-0.00512064
         219653300,0.00488101
         219653400,0.009024
         219653500,-0.00511804
         219653600,-0.00511866
         219653700,-0.00511998
         219653800,-0.00512195
         219653900,0.00487546
         219654000,-0.00512772
         219654100,-0.00513146
         219654200,0.00486429
         219654300,0.00485955
         219654400,0.00485436
         219654500,-0.00515125
         219654600,0.00898489
         219654700,-0.00516359
         219654800,0.00482975
         219654900,-0.00517719
         219655000,0.0121361
         219655100,0.00480822
         219655200,0.00894277
         219655300,0.00893505
         219655400,0.00892721
         219655500,0.00477716
         219655600,0.00891133
         219655700,-0.00523877
         219655800,-0.00524672
         219655900,-0.0052546
         219656000,0.0047376
         219656100,-0.00527006
         219656200,-0.00527757
         219656300,0.0147151
         219656400,0.00885017
         219656500,0.00884335
         219656600,0.00469469
         219656700,0.012009
         219656800,0.00468267
         219656900,-0.00532276
         219657000,-0.00532776
         219657100,-0.00533229
         219657200,-0.00533632
         219657300,-0.00533981
         219657400,0.0087994
         219657500,0.00879708
         219657600,0.00879539
         219657700,-0.00534776
         219657800,-0.00534807
         219657900,-0.00534764
         219658000,0.00465356
         219658100,-0.00534443
         219658200,0.00880053
         219658300,-0.00533799
         219658400,-0.00533364
         219658500,0.0046714
         219658600,-0.0053229
         219658700,0.0046834
         219658800,-0.00530974
         219658900,0.00469764
         219659000,-0.0052945
         219659100,-0.00528622
         219659200,0.00472246
         219659300,0.00473147
         219659400,0.00888292
         219659500,-0.00524965
         219659600,-0.00523987
         219659700,-0.00522992
         219659800,0.00478014
